Transaction Hash,Status,Method,Blockno,DateTime (UTC),From,From_Nametag,To,To_Nametag,Amount,Value (USD),Txn Fee
"0x95142bd5a85cd9d8e7c547975ae6ec01984b23be79b81d0bf2c6a0ef659d0c3e","Success","Transfer","4255516","2017-09-09 14:35:52","0xd0cc2b24980cbcca47ef755da88b220a82291407","Fake_Phishing23","0xBA54621876dfCa50d15705201a5C3B12949B2A79","","0 ETH","$0.00","0.0014718"
"0xab952d0592567df3f26d46345508eb4ab82a1275091171961f616adbd4f1c696","Success","Transfer","4221930","2017-08-31 02:31:33","0xd0cc2b24980cbcca47ef755da88b220a82291407","Fake_Phishing23","0x94298F1e0Ab2DFaD6eEFfB1426846a3c29D98090","MyBit: Old Token","0 ETH","$0.00","0.0022101"
"0x0e3fb1895a0513965641306434157094d5805115361a6f78bfc8b7d6a8b303f9","Success","Transfer","4111645","2017-08-03 11:21:44","0xd0cc2b24980cbcca47ef755da88b220a82291407","Fake_Phishing23","0x64340ed116881E2b435b7240b3A60cF224630E01","SigmaCoin Token","0 ETH","$0.00","0.0007817"
"0xf4e29153c1da4a2d12e8475e91cf614486d1c9980e44a92cc846920855644bb1","Success","Transfer","4111633","2017-08-03 11:17:07","0xd0cc2b24980cbcca47ef755da88b220a82291407","Fake_Phishing23","0xd5b9A2737C9B2Ff35EcB23B884EB039303BBBb61","","0 ETH","$0.00","0.00047019"
"0x4b8dec6443e322f33269cc51d162b0af0115e526f55b272fd31410e6a3263f0c","Success","Transfer","4111629","2017-08-03 11:15:12","0xd0cc2b24980cbcca47ef755da88b220a82291407","Fake_Phishing23","0x8aA33A7899FCC8eA5fBe6A608A109c3893A1B8b2","Dao.Casino Token","0 ETH","$0.00","0.00078987"
"0x20f3572cf7b8349704f8e07f066e2ce01ef5f58579c63b98d46e3a68c7e37994","Success","Transfer","4111626","2017-08-03 11:11:47","0xd0cc2b24980cbcca47ef755da88b220a82291407","Fake_Phishing23","0xB24754bE79281553dc1adC160ddF5Cd9b74361a4","Rialto Token","0 ETH","$0.00","0.00078239"
"0x432853386e6d7d27f97f080cfc10eca176b67b55c1ef401445cdc809b0b37801","Success","Transfer","4111625","2017-08-03 11:11:27","0xd0cc2b24980cbcca47ef755da88b220a82291407","Fake_Phishing23","0xd4fa1460F537bb9085d22C7bcCB5DD450Ef28e3a","Populous Token","0 ETH","$0.00","0.00078508"
"0xcacedd8a904ca35ef065e7b965fb7d50e43e05aca4b49253f65e8f43362092ca","Success","Transfer","4111620","2017-08-03 11:09:45","0xd0cc2b24980cbcca47ef755da88b220a82291407","Fake_Phishing23","0xfcA47962D45ADFdfd1Ab2D972315dB4ce7CCf094","iXledger Token","0 ETH","$0.00","0.00078462"
"0x00295bc29ae405ddfc668454add9250c3fd617524b4a47ebece93ed883d3fedd","Success","Transfer","4111618","2017-08-03 11:09:14","0xd0cc2b24980cbcca47ef755da88b220a82291407","Fake_Phishing23","0x6531f133e6DeeBe7F2dcE5A0441aA7ef330B4e53","Time Token","0 ETH","$0.00","0.00233076"
"0xfbe0d65c11c3742d5e5e819ffb827cb703a48f8587c329f0565ad92179d7311a","Success","Transfer","4111618","2017-08-03 11:09:14","0xd0cc2b24980cbcca47ef755da88b220a82291407","Fake_Phishing23","0x2bDC0D42996017fCe214b21607a515DA41A9E0C5","SkinCoin Token","0 ETH","$0.00","0.00045532"
"0xa2945780278bc6da3e01f8318a8932656fcd097016deeccce7ae530e83191671","Success","Transfer","4111615","2017-08-03 11:07:53","0xd0cc2b24980cbcca47ef755da88b220a82291407","Fake_Phishing23","0xe3818504c1B32bF1557b16C238B2E01Fd3149C17","Pillar Project: PLR Token","0 ETH","$0.00","0.00078359"
"0x017566295da5b2377bb4ec905766662a9a01c21514ff6701e4220ebdf10e2431","Success","Transfer","4111612","2017-08-03 11:07:23","0xd0cc2b24980cbcca47ef755da88b220a82291407","Fake_Phishing23","0x0AfFa06e7Fbe5bC9a764C979aA66E8256A631f02","Polybius Token","0 ETH","$0.00","0.00139836"
"0x66c3de431ee815d2b66a7edcd188d1d4ff51e599e45987d1f5537d53a23bd24f","Success","Transfer","4111610","2017-08-03 11:06:42","0xd0cc2b24980cbcca47ef755da88b220a82291407","Fake_Phishing23","0x701C244b988a513c945973dEFA05de933b23Fe1D","OpenANX Token","0 ETH","$0.00","0.00081391"
"0x3deab5cada96a6b2ada277dfddef3ff3ca26aec2c4dbf4d8c52d3f75eeafb646","Success","Transfer","4111606","2017-08-03 11:05:30","0xd0cc2b24980cbcca47ef755da88b220a82291407","Fake_Phishing23","0x86Fa049857E0209aa7D9e616F7eb3b3B78ECfdb0","EOS: Old Token","0 ETH","$0.00","0.00086039"
"0xada8e81df1feb61e76b2e08beda4e87d92819b88589c153f7925ed27860cdabc","Success","Transfer","4111604","2017-08-03 11:04:59","0xd0cc2b24980cbcca47ef755da88b220a82291407","Fake_Phishing23","0x08711D3B02C8758F2FB3ab4e80228418a7F8e39c","","0 ETH","$0.00","0.00077962"
"0xe3219076520ffdb0dbc25c58ea3ba39dfc74995418718eef6111812cb1539319","Success","Transfer","4111602","2017-08-03 11:04:30","0xd0cc2b24980cbcca47ef755da88b220a82291407","Fake_Phishing23","0x0AbdAce70D3790235af448C88547603b945604ea","District0x: DNT Token","0 ETH","$0.00","0.00226201"
"0x80247ae27e314ea1ccb88a66f61966804ca7e5dd22beb125238918a4a1d09610","Success","Transfer","4111594","2017-08-03 11:01:34","0xd0cc2b24980cbcca47ef755da88b220a82291407","Fake_Phishing23","0x5Af2Be193a6ABCa9c8817001F45744777Db30756","Voyager: Old VGX Token","0 ETH","$0.00","0.00047174"
"0x5ef77a3b034daf12f7ca421bd5859a73c9e5b52d434ea831459934c63901a0c6","Success","Transfer","4111588","2017-08-03 10:59:48","0xd0cc2b24980cbcca47ef755da88b220a82291407","Fake_Phishing23","0x725803315519de78D232265A8f1040f054e70B98","Dao.Casino: Old Token","0 ETH","$0.00","0.00079905"
"0x5d98804ac51e05b7442f4c2c5a924189960c14e0aaff77f01f1b97e8e5697312","Success","Transfer","4111519","2017-08-03 10:35:59","0xd0cc2b24980cbcca47ef755da88b220a82291407","Fake_Phishing23","0xB63B606Ac810a52cCa15e44bB630fd42D8d1d83d","Crypto.com: MCO Token","0 ETH","$0.00","0.0004704"
"0x5fd393f49568187c5c2c7b19c624024a2d8828de8aab4661bd00693bac926ae3","Success","Transfer","4111511","2017-08-03 10:32:25","0xd0cc2b24980cbcca47ef755da88b220a82291407","Fake_Phishing23","0xB110eC7B1dcb8FAB8dEDbf28f53Bc63eA5BEdd84","Sphere Identity Token","0 ETH","$0.00","0.00207572"
"0x1c9a4340ed0f67be0594c1b72a758cc4cca3f8026d4178b3185d30875fd178a6","Success","Transfer","4111499","2017-08-03 10:27:32","0xd0cc2b24980cbcca47ef755da88b220a82291407","Fake_Phishing23","0xB63B606Ac810a52cCa15e44bB630fd42D8d1d83d","Crypto.com: MCO Token","0 ETH","$0.00","0.00109771"
"0x8bbeba0ef61705665ef2c26b1991b959edc051631bd13a87ba8658be88435447","Success","Transfer","4111493","2017-08-03 10:25:31","0xd0cc2b24980cbcca47ef755da88b220a82291407","Fake_Phishing23","0xE7775A6e9Bcf904eb39DA2b68c5efb4F9360e08C","TAAS Token","0 ETH","$0.00","0.00139836"
"0x902420d42debb95ce9f2336a24ae60bf7c11cd8ce10b57c92b44d541cbd5d0a9","Success","Transfer","4111481","2017-08-03 10:22:01","0xd0cc2b24980cbcca47ef755da88b220a82291407","Fake_Phishing23","0xcfb98637bcae43C13323EAa1731cED2B716962fD","Nimiq Token","0 ETH","$0.00","0.0004889"
"0xdc1c2db82e08b2c90129d98d22855216a14ded5f586cc4a4c586ace21e380902","Success","Transfer","4111475","2017-08-03 10:20:43","0xd0cc2b24980cbcca47ef755da88b220a82291407","Fake_Phishing23","0x41e5560054824eA6B0732E656E3Ad64E20e94E45","Civic: CVC Token","0 ETH","$0.00","0.00045735"
"0xe9a47bd80b74dd83c9d3d9a4bf8bc1faefab689504c0514f79dca373da0f376d","Success","Transfer","4111464","2017-08-03 10:16:35","0xd0cc2b24980cbcca47ef755da88b220a82291407","Fake_Phishing23","0xd26114cd6EE289AccF82350c8d8487fedB8A0C07","OMG Network: OMG Token","0 ETH","$0.00","0.00046531"